cohort_month,months_since_start,cohort_size,active_subscriptions,retention_rate
2023-01,0,14,14,1.0
2023-01,1,14,14,1.0
2023-01,2,14,14,1.0
2023-01,3,14,14,1.0
2023-01,4,14,14,1.0
2023-01,5,14,14,1.0
2023-01,6,14,14,1.0
2023-01,7,14,14,1.0
2023-01,8,14,14,1.0
2023-01,9,14,14,1.0
2023-01,10,14,14,1.0
2023-01,11,14,14,1.0
2023-01,12,14,14,1.0
2023-01,13,14,14,1.0
2023-01,14,14,14,1.0
2023-01,15,14,14,1.0
2023-01,16,14,14,1.0
2023-01,17,14,14,1.0
2023-01,18,14,13,0.9285714285714286
2023-01,19,14,13,0.9285714285714286
2023-01,20,14,13,0.9285714285714286
2023-01,21,14,13,0.9285714285714286
2023-01,22,14,11,0.7857142857142857
2023-01,23,14,11,0.7857142857142857
2023-01,24,14,11,0.7857142857142857
2023-01,25,14,11,0.7857142857142857
2023-01,26,14,11,0.7857142857142857
2023-01,27,14,11,0.7857142857142857
2023-01,28,14,11,0.7857142857142857
2023-01,29,14,11,0.7857142857142857
2023-01,30,14,11,0.7857142857142857
2023-01,31,14,10,0.7142857142857143
2023-01,32,14,10,0.7142857142857143
2023-01,33,14,10,0.7142857142857143
2023-01,34,14,10,0.7142857142857143
2023-01,35,14,10,0.7142857142857143
2023-02,0,9,9,1.0
2023-02,1,9,9,1.0
2023-02,2,9,9,1.0
2023-02,3,9,9,1.0
2023-02,4,9,9,1.0
2023-02,5,9,9,1.0
2023-02,6,9,9,1.0
2023-02,7,9,9,1.0
2023-02,8,9,7,0.7777777777777778
2023-02,9,9,7,0.7777777777777778
2023-02,10,9,7,0.7777777777777778
2023-02,11,9,7,0.7777777777777778
2023-02,12,9,7,0.7777777777777778
2023-02,13,9,7,0.7777777777777778
2023-02,14,9,7,0.7777777777777778
2023-02,15,9,7,0.7777777777777778
2023-02,16,9,7,0.7777777777777778
2023-02,17,9,7,0.7777777777777778
2023-02,18,9,7,0.7777777777777778
2023-02,19,9,7,0.7777777777777778
2023-02,20,9,7,0.7777777777777778
2023-02,21,9,6,0.6666666666666666
2023-02,22,9,6,0.6666666666666666
2023-02,23,9,6,0.6666666666666666
2023-02,24,9,6,0.6666666666666666
2023-02,25,9,6,0.6666666666666666
2023-02,26,9,6,0.6666666666666666
2023-02,27,9,6,0.6666666666666666
2023-02,28,9,6,0.6666666666666666
2023-02,29,9,6,0.6666666666666666
2023-02,30,9,6,0.6666666666666666
2023-02,31,9,6,0.6666666666666666
2023-02,32,9,6,0.6666666666666666
2023-02,33,9,5,0.5555555555555556
2023-02,34,9,5,0.5555555555555556
2023-03,0,9,9,1.0
2023-03,1,9,9,1.0
2023-03,2,9,9,1.0
2023-03,3,9,9,1.0
2023-03,4,9,9,1.0
2023-03,5,9,9,1.0
2023-03,6,9,9,1.0
2023-03,7,9,9,1.0
2023-03,8,9,9,1.0
2023-03,9,9,9,1.0
2023-03,10,9,9,1.0
2023-03,11,9,9,1.0
2023-03,12,9,9,1.0
2023-03,13,9,9,1.0
2023-03,14,9,9,1.0
2023-03,15,9,9,1.0
2023-03,16,9,9,1.0
2023-03,17,9,9,1.0
2023-03,18,9,9,1.0
2023-03,19,9,9,1.0
2023-03,20,9,9,1.0
2023-03,21,9,9,1.0
2023-03,22,9,9,1.0
2023-03,23,9,9,1.0
2023-03,24,9,9,1.0
2023-03,25,9,8,0.8888888888888888
2023-03,26,9,8,0.8888888888888888
2023-03,27,9,7,0.7777777777777778
2023-03,28,9,7,0.7777777777777778
2023-03,29,9,6,0.6666666666666666
2023-03,30,9,5,0.5555555555555556
2023-03,31,9,5,0.5555555555555556
2023-03,32,9,5,0.5555555555555556
2023-03,33,9,5,0.5555555555555556
2023-04,0,21,21,1.0
2023-04,1,21,21,1.0
2023-04,2,21,21,1.0
2023-04,3,21,21,1.0
2023-04,4,21,21,1.0
2023-04,5,21,21,1.0
2023-04,6,21,21,1.0
2023-04,7,21,21,1.0
2023-04,8,21,21,1.0
2023-04,9,21,20,0.9523809523809523
2023-04,10,21,20,0.9523809523809523
2023-04,11,21,20,0.9523809523809523
2023-04,12,21,19,0.9047619047619048
2023-04,13,21,19,0.9047619047619048
2023-04,14,21,17,0.8095238095238095
2023-04,15,21,16,0.7619047619047619
2023-04,16,21,16,0.7619047619047619
2023-04,17,21,16,0.7619047619047619
2023-04,18,21,16,0.7619047619047619
2023-04,19,21,15,0.7142857142857143
2023-04,20,21,15,0.7142857142857143
2023-04,21,21,14,0.6666666666666666
2023-04,22,21,14,0.6666666666666666
2023-04,23,21,14,0.6666666666666666
2023-04,24,21,13,0.6190476190476191
2023-04,25,21,12,0.5714285714285714
2023-04,26,21,12,0.5714285714285714
2023-04,27,21,11,0.5238095238095238
2023-04,28,21,11,0.5238095238095238
2023-04,29,21,11,0.5238095238095238
2023-04,30,21,11,0.5238095238095238
2023-04,31,21,11,0.5238095238095238
2023-04,32,21,11,0.5238095238095238
2023-05,0,15,15,1.0
2023-05,1,15,15,1.0
2023-05,2,15,15,1.0
2023-05,3,15,15,1.0
2023-05,4,15,15,1.0
2023-05,5,15,15,1.0
2023-05,6,15,15,1.0
2023-05,7,15,15,1.0
2023-05,8,15,15,1.0
2023-05,9,15,13,0.8666666666666667
2023-05,10,15,12,0.8
2023-05,11,15,12,0.8
2023-05,12,15,12,0.8
2023-05,13,15,12,0.8
2023-05,14,15,12,0.8
2023-05,15,15,12,0.8
2023-05,16,15,11,0.7333333333333333
2023-05,17,15,11,0.7333333333333333
2023-05,18,15,11,0.7333333333333333
2023-05,19,15,11,0.7333333333333333
2023-05,20,15,11,0.7333333333333333
2023-05,21,15,11,0.7333333333333333
2023-05,22,15,11,0.7333333333333333
2023-05,23,15,11,0.7333333333333333
2023-05,24,15,11,0.7333333333333333
2023-05,25,15,11,0.7333333333333333
2023-05,26,15,11,0.7333333333333333
2023-05,27,15,11,0.7333333333333333
2023-05,28,15,11,0.7333333333333333
2023-05,29,15,11,0.7333333333333333
2023-05,30,15,11,0.7333333333333333
2023-05,31,15,11,0.7333333333333333
2023-06,0,18,18,1.0
2023-06,1,18,18,1.0
2023-06,2,18,18,1.0
2023-06,3,18,18,1.0
2023-06,4,18,18,1.0
2023-06,5,18,18,1.0
2023-06,6,18,18,1.0
2023-06,7,18,17,0.9444444444444444
2023-06,8,18,17,0.9444444444444444
2023-06,9,18,17,0.9444444444444444
2023-06,10,18,17,0.9444444444444444
2023-06,11,18,17,0.9444444444444444
2023-06,12,18,17,0.9444444444444444
2023-06,13,18,17,0.9444444444444444
2023-06,14,18,17,0.9444444444444444
2023-06,15,18,17,0.9444444444444444
2023-06,16,18,15,0.8333333333333334
2023-06,17,18,14,0.7777777777777778
2023-06,18,18,14,0.7777777777777778
2023-06,19,18,13,0.7222222222222222
2023-06,20,18,12,0.6666666666666666
2023-06,21,18,12,0.6666666666666666
2023-06,22,18,12,0.6666666666666666
2023-06,23,18,12,0.6666666666666666
2023-06,24,18,12,0.6666666666666666
2023-06,25,18,12,0.6666666666666666
2023-06,26,18,12,0.6666666666666666
2023-06,27,18,11,0.6111111111111112
2023-06,28,18,11,0.6111111111111112
2023-06,29,18,11,0.6111111111111112
2023-06,30,18,11,0.6111111111111112
2023-07,0,15,15,1.0
2023-07,1,15,15,1.0
2023-07,2,15,15,1.0
2023-07,3,15,15,1.0
2023-07,4,15,14,0.9333333333333333
2023-07,5,15,14,0.9333333333333333
2023-07,6,15,14,0.9333333333333333
2023-07,7,15,14,0.9333333333333333
2023-07,8,15,14,0.9333333333333333
2023-07,9,15,14,0.9333333333333333
2023-07,10,15,14,0.9333333333333333
2023-07,11,15,14,0.9333333333333333
2023-07,12,15,14,0.9333333333333333
2023-07,13,15,14,0.9333333333333333
2023-07,14,15,14,0.9333333333333333
2023-07,15,15,14,0.9333333333333333
2023-07,16,15,14,0.9333333333333333
2023-07,17,15,14,0.9333333333333333
2023-07,18,15,14,0.9333333333333333
2023-07,19,15,14,0.9333333333333333
2023-07,20,15,13,0.8666666666666667
2023-07,21,15,13,0.8666666666666667
2023-07,22,15,13,0.8666666666666667
2023-07,23,15,13,0.8666666666666667
2023-07,24,15,13,0.8666666666666667
2023-07,25,15,13,0.8666666666666667
2023-07,26,15,13,0.8666666666666667
2023-07,27,15,13,0.8666666666666667
2023-07,28,15,13,0.8666666666666667
2023-07,29,15,13,0.8666666666666667
2023-08,0,8,8,1.0
2023-08,1,8,8,1.0
2023-08,2,8,8,1.0
2023-08,3,8,8,1.0
2023-08,4,8,8,1.0
2023-08,5,8,8,1.0
2023-08,6,8,8,1.0
2023-08,7,8,8,1.0
2023-08,8,8,8,1.0
2023-08,9,8,8,1.0
2023-08,10,8,8,1.0
2023-08,11,8,8,1.0
2023-08,12,8,8,1.0
2023-08,13,8,8,1.0
2023-08,14,8,8,1.0
2023-08,15,8,8,1.0
2023-08,16,8,8,1.0
2023-08,17,8,7,0.875
2023-08,18,8,7,0.875
2023-08,19,8,6,0.75
2023-08,20,8,6,0.75
2023-08,21,8,6,0.75
2023-08,22,8,6,0.75
2023-08,23,8,5,0.625
2023-08,24,8,5,0.625
2023-08,25,8,4,0.5
2023-08,26,8,4,0.5
2023-08,27,8,4,0.5
2023-08,28,8,4,0.5
2023-09,0,13,13,1.0
2023-09,1,13,13,1.0
2023-09,2,13,13,1.0
2023-09,3,13,13,1.0
2023-09,4,13,13,1.0
2023-09,5,13,12,0.9230769230769231
2023-09,6,13,12,0.9230769230769231
2023-09,7,13,12,0.9230769230769231
2023-09,8,13,12,0.9230769230769231
2023-09,9,13,12,0.9230769230769231
2023-09,10,13,12,0.9230769230769231
2023-09,11,13,12,0.9230769230769231
2023-09,12,13,12,0.9230769230769231
2023-09,13,13,11,0.8461538461538461
2023-09,14,13,11,0.8461538461538461
2023-09,15,13,11,0.8461538461538461
2023-09,16,13,11,0.8461538461538461
2023-09,17,13,11,0.8461538461538461
2023-09,18,13,10,0.7692307692307693
2023-09,19,13,10,0.7692307692307693
2023-09,20,13,10,0.7692307692307693
2023-09,21,13,10,0.7692307692307693
2023-09,22,13,10,0.7692307692307693
2023-09,23,13,10,0.7692307692307693
2023-09,24,13,10,0.7692307692307693
2023-09,25,13,10,0.7692307692307693
2023-09,26,13,10,0.7692307692307693
2023-09,27,13,10,0.7692307692307693
2023-10,0,12,12,1.0
2023-10,1,12,12,1.0
2023-10,2,12,12,1.0
2023-10,3,12,12,1.0
2023-10,4,12,12,1.0
2023-10,5,12,10,0.8333333333333334
2023-10,6,12,10,0.8333333333333334
2023-10,7,12,9,0.75
2023-10,8,12,9,0.75
2023-10,9,12,8,0.6666666666666666
2023-10,10,12,8,0.6666666666666666
2023-10,11,12,8,0.6666666666666666
2023-10,12,12,8,0.6666666666666666
2023-10,13,12,8,0.6666666666666666
2023-10,14,12,8,0.6666666666666666
2023-10,15,12,8,0.6666666666666666
2023-10,16,12,8,0.6666666666666666
2023-10,17,12,8,0.6666666666666666
2023-10,18,12,8,0.6666666666666666
2023-10,19,12,8,0.6666666666666666
2023-10,20,12,8,0.6666666666666666
2023-10,21,12,8,0.6666666666666666
2023-10,22,12,7,0.5833333333333334
2023-10,23,12,7,0.5833333333333334
2023-10,24,12,7,0.5833333333333334
2023-10,25,12,7,0.5833333333333334
2023-10,26,12,7,0.5833333333333334
2023-11,0,19,19,1.0
2023-11,1,19,19,1.0
2023-11,2,19,19,1.0
2023-11,3,19,19,1.0
2023-11,4,19,19,1.0
2023-11,5,19,18,0.9473684210526315
2023-11,6,19,17,0.8947368421052632
2023-11,7,19,17,0.8947368421052632
2023-11,8,19,16,0.8421052631578947
2023-11,9,19,16,0.8421052631578947
2023-11,10,19,15,0.7894736842105263
2023-11,11,19,15,0.7894736842105263
2023-11,12,19,15,0.7894736842105263
2023-11,13,19,15,0.7894736842105263
2023-11,14,19,15,0.7894736842105263
2023-11,15,19,15,0.7894736842105263
2023-11,16,19,14,0.7368421052631579
2023-11,17,19,14,0.7368421052631579
2023-11,18,19,14,0.7368421052631579
2023-11,19,19,13,0.6842105263157895
2023-11,20,19,13,0.6842105263157895
2023-11,21,19,12,0.631578947368421
2023-11,22,19,11,0.5789473684210527
2023-11,23,19,11,0.5789473684210527
2023-11,24,19,11,0.5789473684210527
2023-11,25,19,11,0.5789473684210527
2023-12,0,16,16,1.0
2023-12,1,16,16,1.0
2023-12,2,16,16,1.0
2023-12,3,16,16,1.0
2023-12,4,16,16,1.0
2023-12,5,16,16,1.0
2023-12,6,16,16,1.0
2023-12,7,16,14,0.875
2023-12,8,16,14,0.875
2023-12,9,16,13,0.8125
2023-12,10,16,13,0.8125
2023-12,11,16,12,0.75
2023-12,12,16,12,0.75
2023-12,13,16,12,0.75
2023-12,14,16,12,0.75
2023-12,15,16,12,0.75
2023-12,16,16,12,0.75
2023-12,17,16,12,0.75
2023-12,18,16,11,0.6875
2023-12,19,16,11,0.6875
2023-12,20,16,9,0.5625
2023-12,21,16,8,0.5
2023-12,22,16,8,0.5
2023-12,23,16,8,0.5
2023-12,24,16,8,0.5
2024-01,0,8,8,1.0
2024-01,1,8,8,1.0
2024-01,2,8,8,1.0
2024-01,3,8,7,0.875
2024-01,4,8,7,0.875
2024-01,5,8,7,0.875
2024-01,6,8,7,0.875
2024-01,7,8,7,0.875
2024-01,8,8,7,0.875
2024-01,9,8,7,0.875
2024-01,10,8,7,0.875
2024-01,11,8,7,0.875
2024-01,12,8,7,0.875
2024-01,13,8,7,0.875
2024-01,14,8,7,0.875
2024-01,15,8,6,0.75
2024-01,16,8,6,0.75
2024-01,17,8,6,0.75
2024-01,18,8,6,0.75
2024-01,19,8,5,0.625
2024-01,20,8,5,0.625
2024-01,21,8,5,0.625
2024-01,22,8,5,0.625
2024-01,23,8,4,0.5
2024-02,0,14,14,1.0
2024-02,1,14,14,1.0
2024-02,2,14,14,1.0
2024-02,3,14,13,0.9285714285714286
2024-02,4,14,13,0.9285714285714286
2024-02,5,14,12,0.8571428571428571
2024-02,6,14,12,0.8571428571428571
2024-02,7,14,12,0.8571428571428571
2024-02,8,14,11,0.7857142857142857
2024-02,9,14,11,0.7857142857142857
2024-02,10,14,11,0.7857142857142857
2024-02,11,14,11,0.7857142857142857
2024-02,12,14,11,0.7857142857142857
2024-02,13,14,11,0.7857142857142857
2024-02,14,14,10,0.7142857142857143
2024-02,15,14,10,0.7142857142857143
2024-02,16,14,10,0.7142857142857143
2024-02,17,14,10,0.7142857142857143
2024-02,18,14,10,0.7142857142857143
2024-02,19,14,9,0.6428571428571429
2024-02,20,14,9,0.6428571428571429
2024-02,21,14,9,0.6428571428571429
2024-02,22,14,9,0.6428571428571429
2024-03,0,9,9,1.0
2024-03,1,9,9,1.0
2024-03,2,9,9,1.0
2024-03,3,9,9,1.0
2024-03,4,9,9,1.0
2024-03,5,9,9,1.0
2024-03,6,9,9,1.0
2024-03,7,9,9,1.0
2024-03,8,9,9,1.0
2024-03,9,9,9,1.0
2024-03,10,9,9,1.0
2024-03,11,9,9,1.0
2024-03,12,9,9,1.0
2024-03,13,9,9,1.0
2024-03,14,9,8,0.8888888888888888
2024-03,15,9,8,0.8888888888888888
2024-03,16,9,8,0.8888888888888888
2024-03,17,9,8,0.8888888888888888
2024-03,18,9,7,0.7777777777777778
2024-03,19,9,7,0.7777777777777778
2024-03,20,9,7,0.7777777777777778
2024-03,21,9,6,0.6666666666666666
2024-04,0,20,20,1.0
2024-04,1,20,20,1.0
2024-04,2,20,20,1.0
2024-04,3,20,20,1.0
2024-04,4,20,20,1.0
2024-04,5,20,20,1.0
2024-04,6,20,18,0.9
2024-04,7,20,18,0.9
2024-04,8,20,18,0.9
2024-04,9,20,18,0.9
2024-04,10,20,18,0.9
2024-04,11,20,18,0.9
2024-04,12,20,17,0.85
2024-04,13,20,16,0.8
2024-04,14,20,16,0.8
2024-04,15,20,16,0.8
2024-04,16,20,16,0.8
2024-04,17,20,15,0.75
2024-04,18,20,15,0.75
2024-04,19,20,15,0.75
2024-04,20,20,15,0.75
2024-05,0,22,22,1.0
2024-05,1,22,22,1.0
2024-05,2,22,22,1.0
2024-05,3,22,21,0.9545454545454546
2024-05,4,22,21,0.9545454545454546
2024-05,5,22,19,0.8636363636363636
2024-05,6,22,19,0.8636363636363636
2024-05,7,22,18,0.8181818181818182
2024-05,8,22,18,0.8181818181818182
2024-05,9,22,18,0.8181818181818182
2024-05,10,22,17,0.7727272727272727
2024-05,11,22,17,0.7727272727272727
2024-05,12,22,15,0.6818181818181818
2024-05,13,22,14,0.6363636363636364
2024-05,14,22,13,0.5909090909090909
2024-05,15,22,13,0.5909090909090909
2024-05,16,22,12,0.5454545454545454
2024-05,17,22,12,0.5454545454545454
2024-05,18,22,12,0.5454545454545454
2024-05,19,22,12,0.5454545454545454
2024-06,0,12,12,1.0
2024-06,1,12,12,1.0
2024-06,2,12,12,1.0
2024-06,3,12,12,1.0
2024-06,4,12,12,1.0
2024-06,5,12,11,0.9166666666666666
2024-06,6,12,11,0.9166666666666666
2024-06,7,12,11,0.9166666666666666
2024-06,8,12,11,0.9166666666666666
2024-06,9,12,11,0.9166666666666666
2024-06,10,12,11,0.9166666666666666
2024-06,11,12,11,0.9166666666666666
2024-06,12,12,11,0.9166666666666666
2024-06,13,12,11,0.9166666666666666
2024-06,14,12,11,0.9166666666666666
2024-06,15,12,11,0.9166666666666666
2024-06,16,12,11,0.9166666666666666
2024-06,17,12,11,0.9166666666666666
2024-06,18,12,11,0.9166666666666666
2024-07,0,15,15,1.0
2024-07,1,15,15,1.0
2024-07,2,15,15,1.0
2024-07,3,15,15,1.0
2024-07,4,15,14,0.9333333333333333
2024-07,5,15,14,0.9333333333333333
2024-07,6,15,14,0.9333333333333333
2024-07,7,15,14,0.9333333333333333
2024-07,8,15,14,0.9333333333333333
2024-07,9,15,13,0.8666666666666667
2024-07,10,15,12,0.8
2024-07,11,15,12,0.8
2024-07,12,15,12,0.8
2024-07,13,15,12,0.8
2024-07,14,15,11,0.7333333333333333
2024-07,15,15,10,0.6666666666666666
2024-07,16,15,10,0.6666666666666666
2024-07,17,15,9,0.6
2024-08,0,15,15,1.0
2024-08,1,15,15,1.0
2024-08,2,15,15,1.0
2024-08,3,15,14,0.9333333333333333
2024-08,4,15,14,0.9333333333333333
2024-08,5,15,14,0.9333333333333333
2024-08,6,15,13,0.8666666666666667
2024-08,7,15,13,0.8666666666666667
2024-08,8,15,13,0.8666666666666667
2024-08,9,15,13,0.8666666666666667
2024-08,10,15,12,0.8
2024-08,11,15,12,0.8
2024-08,12,15,12,0.8
2024-08,13,15,11,0.7333333333333333
2024-08,14,15,11,0.7333333333333333
2024-08,15,15,11,0.7333333333333333
2024-08,16,15,11,0.7333333333333333
2024-09,0,12,12,1.0
2024-09,1,12,12,1.0
2024-09,2,12,12,1.0
2024-09,3,12,12,1.0
2024-09,4,12,12,1.0
2024-09,5,12,12,1.0
2024-09,6,12,12,1.0
2024-09,7,12,12,1.0
2024-09,8,12,12,1.0
2024-09,9,12,11,0.9166666666666666
2024-09,10,12,11,0.9166666666666666
2024-09,11,12,11,0.9166666666666666
2024-09,12,12,11,0.9166666666666666
2024-09,13,12,10,0.8333333333333334
2024-09,14,12,10,0.8333333333333334
2024-09,15,12,10,0.8333333333333334
2024-10,0,10,10,1.0
2024-10,1,10,10,1.0
2024-10,2,10,10,1.0
2024-10,3,10,10,1.0
2024-10,4,10,9,0.9
2024-10,5,10,9,0.9
2024-10,6,10,9,0.9
2024-10,7,10,8,0.8
2024-10,8,10,8,0.8
2024-10,9,10,8,0.8
2024-10,10,10,8,0.8
2024-10,11,10,7,0.7
2024-10,12,10,7,0.7
2024-10,13,10,7,0.7
2024-10,14,10,7,0.7
2024-11,0,13,13,1.0
2024-11,1,13,13,1.0
2024-11,2,13,13,1.0
2024-11,3,13,13,1.0
2024-11,4,13,13,1.0
2024-11,5,13,13,1.0
2024-11,6,13,12,0.9230769230769231
2024-11,7,13,10,0.7692307692307693
2024-11,8,13,9,0.6923076923076923
2024-11,9,13,9,0.6923076923076923
2024-11,10,13,9,0.6923076923076923
2024-11,11,13,9,0.6923076923076923
2024-11,12,13,8,0.6153846153846154
2024-11,13,13,8,0.6153846153846154
2024-12,0,14,14,1.0
2024-12,1,14,14,1.0
2024-12,2,14,14,1.0
2024-12,3,14,14,1.0
2024-12,4,14,14,1.0
2024-12,5,14,14,1.0
2024-12,6,14,14,1.0
2024-12,7,14,13,0.9285714285714286
2024-12,8,14,13,0.9285714285714286
2024-12,9,14,12,0.8571428571428571
2024-12,10,14,10,0.7142857142857143
2024-12,11,14,10,0.7142857142857143
2024-12,12,14,10,0.7142857142857143
2025-01,0,12,12,1.0
2025-01,1,12,12,1.0
2025-01,2,12,12,1.0
2025-01,3,12,12,1.0
2025-01,4,12,11,0.9166666666666666
2025-01,5,12,9,0.75
2025-01,6,12,9,0.75
2025-01,7,12,8,0.6666666666666666
2025-01,8,12,8,0.6666666666666666
2025-01,9,12,8,0.6666666666666666
2025-01,10,12,8,0.6666666666666666
2025-01,11,12,8,0.6666666666666666
2025-02,0,14,14,1.0
2025-02,1,14,14,1.0
2025-02,2,14,14,1.0
2025-02,3,14,13,0.9285714285714286
2025-02,4,14,11,0.7857142857142857
2025-02,5,14,10,0.7142857142857143
2025-02,6,14,10,0.7142857142857143
2025-02,7,14,9,0.6428571428571429
2025-02,8,14,9,0.6428571428571429
2025-02,9,14,9,0.6428571428571429
2025-02,10,14,8,0.5714285714285714
2025-03,0,16,16,1.0
2025-03,1,16,16,1.0
2025-03,2,16,16,1.0
2025-03,3,16,15,0.9375
2025-03,4,16,15,0.9375
2025-03,5,16,14,0.875
2025-03,6,16,14,0.875
2025-03,7,16,14,0.875
2025-03,8,16,14,0.875
2025-03,9,16,12,0.75
2025-04,0,15,15,1.0
2025-04,1,15,15,1.0
2025-04,2,15,15,1.0
2025-04,3,15,13,0.8666666666666667
2025-04,4,15,13,0.8666666666666667
2025-04,5,15,12,0.8
2025-04,6,15,12,0.8
2025-04,7,15,12,0.8
2025-04,8,15,11,0.7333333333333333
2025-05,0,20,20,1.0
2025-05,1,20,20,1.0
2025-05,2,20,20,1.0
2025-05,3,20,19,0.95
2025-05,4,20,17,0.85
2025-05,5,20,16,0.8
2025-05,6,20,15,0.75
2025-05,7,20,15,0.75
2025-06,0,14,14,1.0
2025-06,1,14,14,1.0
2025-06,2,14,14,1.0
2025-06,3,14,13,0.9285714285714286
2025-06,4,14,13,0.9285714285714286
2025-06,5,14,13,0.9285714285714286
2025-06,6,14,11,0.7857142857142857
2025-07,0,15,15,1.0
2025-07,1,15,15,1.0
2025-07,2,15,15,1.0
2025-07,3,15,15,1.0
2025-07,4,15,15,1.0
2025-07,5,15,12,0.8
2025-08,0,5,5,1.0
2025-08,1,5,5,1.0
2025-08,2,5,5,1.0
2025-08,3,5,3,0.6
2025-08,4,5,3,0.6
2025-09,0,13,13,1.0
2025-09,1,13,13,1.0
2025-09,2,13,13,1.0
2025-09,3,13,9,0.6923076923076923
2025-10,0,17,17,1.0
2025-10,1,17,17,1.0
2025-10,2,17,17,1.0
2025-11,0,15,15,1.0
2025-11,1,15,15,1.0
2025-12,0,11,11,1.0
