month_end,active_at_start,cancellations,monthly_churn_rate
2023-01-31,0,0,
2023-02-28,14,0,0.0
2023-03-31,23,0,0.0
2023-04-30,33,0,0.0
2023-05-31,53,0,0.0
2023-06-30,68,0,0.0
2023-07-31,88,0,0.0
2023-08-31,101,0,0.0
2023-09-30,109,0,0.0
2023-10-31,122,2,0.01639344262295082
2023-11-30,132,1,0.007575757575757576
2023-12-31,150,0,0.0
2024-01-31,166,2,0.012048192771084338
2024-02-29,173,3,0.017341040462427744
2024-03-31,183,3,0.01639344262295082
2024-04-30,189,3,0.015873015873015872
2024-05-31,206,3,0.014563106796116505
2024-06-30,225,2,0.008888888888888889
2024-07-31,237,7,0.029535864978902954
2024-08-31,243,1,0.00411522633744856
2024-09-30,257,3,0.011673151750972763
2024-10-31,266,8,0.03007518796992481
2024-11-30,268,9,0.033582089552238806
2024-12-31,272,1,0.003676470588235294
2025-01-31,285,3,0.010526315789473684
2025-02-28,294,3,0.01020408163265306
2025-03-31,306,5,0.016339869281045753
2025-04-30,316,6,0.0189873417721519
2025-05-31,325,10,0.03076923076923077
2025-06-30,337,13,0.03857566765578635
2025-07-31,339,8,0.02359882005899705
2025-08-31,343,10,0.029154518950437316
2025-09-30,338,18,0.05325443786982249
2025-10-31,333,5,0.015015015015015015
2025-11-30,345,5,0.014492753623188406
2025-12-31,356,16,0.0449438202247191
