month_end,mrr_eur,active_subscriptions
2023-01-31,576.0,14
2023-02-28,887.0,23
2023-03-31,1198.0,32
2023-04-30,1967.0,53
2023-05-31,2482.0,68
2023-06-30,3224.0,86
2023-07-31,3799.0,101
2023-08-31,4171.0,109
2023-09-30,4618.0,122
2023-10-31,4958.0,132
2023-11-30,5650.0,150
2023-12-31,6354.0,166
2024-01-31,6528.0,172
2024-02-29,7017.0,183
2024-03-31,7271.0,189
2024-04-30,8104.0,206
2024-05-31,8905.0,225
2024-06-30,9285.0,235
2024-07-31,9467.0,243
2024-08-31,9853.0,257
2024-09-30,10164.0,266
2024-10-31,10152.0,268
2024-11-30,10368.0,272
2024-12-31,11005.0,285
2025-01-31,11486.0,294
2025-02-28,11965.0,305
2025-03-31,12314.0,316
2025-04-30,12575.0,325
2025-05-31,12885.0,335
2025-06-30,12784.0,336
2025-07-31,12897.0,343
2025-08-31,12512.0,338
2025-09-30,12227.0,333
2025-10-31,12735.0,345
2025-11-30,13025.0,355
2025-12-31,12830.0,350
