analysis_location,line_items,total_profit,average_discount
Colorado,182,36563.26,0.1121
Florida,174,27612.58,0.1221
Nevada,142,26812.09,0.0947
North Carolina,147,26749.27,0.1201
New York,173,26589.39,0.1156
Virginia,157,26337.99,0.1064
New Jersey,149,26330.5,0.1292
Illinois,157,24120.88,0.1182
Ohio,129,23896.97,0.1233
Georgia,153,23699.69,0.118
California,156,22937.55,0.1256
Texas,162,22804.62,0.1179
Massachusetts,176,21685.14,0.1185
Washington,140,21481.11,0.1236
Minnesota,133,19938.87,0.135
Oregon,138,17553.67,0.15
